{
  "datetime_utc": "2026-02-09T21:51:20.659772+00:00",
  "device": "cuda",
  "config": {
    "seed": 42,
    "train_ratio": 0.7,
    "val_ratio_within_train": 0.1,
    "rf_n_estimators": 200,
    "rf_max_features": "sqrt",
    "tabular_tune": true,
    "tabular_tune_trials": 30,
    "tabular_cv_splits": 5,
    "tabular_cv_val_steps": 1,
    "lr_max_iter": 1500,
    "lr_tol": 0.001,
    "enable_gnn": true,
    "gnn_feature_modes": [
      "AF"
    ],
    "gnn_tune_trials": 10,
    "gnn_tune_class_weight": true,
    "epochs": 200,
    "patience": 20,
    "gcn_hidden_dim": 100,
    "gcn_dropout": 0.5,
    "lr": 0.001,
    "weight_decay": 0.0005,
    "device": "cuda",
    "enable_embedding_aug": true,
    "embedding_aug_model": "gcn",
    "embedding_aug_rf_n_estimators": 500
  },
  "phase04_tabular_eval": {
    "AF": {
      "feature_mode": "AF",
      "backend": "cuml",
      "split": {
        "train_steps": [
          1,
          2,
          3,
          4,
          5,
          6,
          7,
          8,
          9,
          10,
          11,
          12,
          13,
          14,
          15,
          16,
          17,
          18,
          19,
          20,
          21,
          22,
          23,
          24,
          25,
          26,
          27,
          28,
          29,
          30,
          31,
          32,
          33,
          34
        ],
        "test_steps": [
          35,
          36,
          37,
          38,
          39,
          40,
          41,
          42,
          43,
          44,
          45,
          46,
          47,
          48,
          49
        ]
      },
      "lr": {
        "threshold": 0.9470844778697938,
        "metrics": {
          "precision_illicit": 0.37094682230869,
          "recall_illicit": 0.5281625115420129,
          "f1_illicit": 0.4358095238095238,
          "f1_micro": 0.9111577684463107,
          "cm": [
            [
              14617,
              970
            ],
            [
              511,
              572
            ]
          ]
        },
        "predictions_path": "results/predictions/phase05_tabular_lr_AF_cuml.parquet"
      },
      "rf": {
        "threshold": 0.4132688620593399,
        "metrics": {
          "precision_illicit": 0.7967644084934277,
          "recall_illicit": 0.7276084949215144,
          "f1_illicit": 0.7606177606177607,
          "f1_micro": 0.970245950809838,
          "cm": [
            [
              15386,
              201
            ],
            [
              295,
              788
            ]
          ]
        },
        "predictions_path": "results/predictions/phase05_tabular_rf_AF_cuml.parquet"
      }
    },
    "LF": {
      "feature_mode": "LF",
      "backend": "cuml",
      "split": {
        "train_steps": [
          1,
          2,
          3,
          4,
          5,
          6,
          7,
          8,
          9,
          10,
          11,
          12,
          13,
          14,
          15,
          16,
          17,
          18,
          19,
          20,
          21,
          22,
          23,
          24,
          25,
          26,
          27,
          28,
          29,
          30,
          31,
          32,
          33,
          34
        ],
        "test_steps": [
          35,
          36,
          37,
          38,
          39,
          40,
          41,
          42,
          43,
          44,
          45,
          46,
          47,
          48,
          49
        ]
      },
      "lr": {
        "threshold": 0.7972743101418018,
        "metrics": {
          "precision_illicit": 0.39020771513353114,
          "recall_illicit": 0.7285318559556787,
          "f1_illicit": 0.5082125603864734,
          "f1_micro": 0.9083983203359328,
          "cm": [
            [
              14354,
              1233
            ],
            [
              294,
              789
            ]
          ]
        },
        "predictions_path": "results/predictions/phase05_tabular_lr_LF_cuml.parquet"
      },
      "rf": {
        "threshold": 0.40166667103767395,
        "metrics": {
          "precision_illicit": 0.7649363369245837,
          "recall_illicit": 0.7211449676823638,
          "f1_illicit": 0.7423954372623575,
          "f1_micro": 0.9674865026994601,
          "cm": [
            [
              15347,
              240
            ],
            [
              302,
              781
            ]
          ]
        },
        "predictions_path": "results/predictions/phase05_tabular_rf_LF_cuml.parquet"
      }
    }
  },
  "split": {
    "train_steps": [
      1,
      2,
      3,
      4,
      5,
      6,
      7,
      8,
      9,
      10,
      11,
      12,
      13,
      14,
      15,
      16,
      17,
      18,
      19,
      20,
      21,
      22,
      23,
      24,
      25,
      26,
      27,
      28,
      29,
      30,
      31
    ],
    "val_steps": [
      32,
      33,
      34
    ],
    "test_steps": [
      35,
      36,
      37,
      38,
      39,
      40,
      41,
      42,
      43,
      44,
      45,
      46,
      47,
      48,
      49
    ]
  },
  "graph": {
    "num_nodes": 203769,
    "num_edges": 468710
  },
  "gcn_AF": {
    "hp": {
      "hidden_dim": 200,
      "dropout": 0.0,
      "lr": 0.002,
      "weight_decay": 1e-06,
      "illicit_wscale": 0.5
    },
    "metrics": {
      "precision_illicit": 0.5068618481244281,
      "recall_illicit": 0.5115420129270545,
      "f1_illicit": 0.5091911764705882,
      "f1_micro": 0.9359328134373125,
      "cm": [
        [
          15048,
          539
        ],
        [
          529,
          554
        ]
      ]
    },
    "predictions_path": "results/predictions/phase05_gnn_gcn_AF.parquet"
  },
  "skip_gcn_AF": {
    "hp": {
      "hidden_dim": 100,
      "dropout": 0.0,
      "lr": 0.002,
      "weight_decay": 0.0001,
      "illicit_wscale": 0.5
    },
    "metrics": {
      "precision_illicit": 0.47285067873303166,
      "recall_illicit": 0.5789473684210527,
      "f1_illicit": 0.5205479452054794,
      "f1_micro": 0.9307138572285543,
      "cm": [
        [
          14888,
          699
        ],
        [
          456,
          627
        ]
      ]
    },
    "predictions_path": "results/predictions/phase05_gnn_skip_gcn_AF.parquet"
  },
  "final_summary_plot": "results/visualizations/phase05/phase05_final_f1_summary.png"
}